,Humidity,Temperature,Steps,Stress
0,21.33,90.33,123,1
1,21.41,90.41,93,1
2,27.12,96.12,196,2
3,27.64,96.64,177,2
4,10.87,79.87,87,0
5,11.31,80.31,40,0
6,18.16,87.16,88,1
7,28.2,97.2,162,2
8,14.25,83.25,61,0
9,26.13,95.13,168,2
10,23.61,92.61,200,2
11,19.37,88.37,117,1
12,29.08,98.08,179,2
13,17.83,86.83,55,1
14,28.06,97.06,148,2
15,19.43,88.43,123,1
16,26.85,95.85,169,2
17,26.51,95.51,135,2
18,29.49,98.49,149,2
19,20.94,89.94,122,1
20,28.6,97.6,131,2
21,18.62,87.62,43,1
22,14.43,83.43,79,0
23,26.69,95.69,153,2
24,15.67,84.67,21,1
25,26.63,95.63,147,2
26,17.58,86.58,30,1
27,21.53,90.53,105,1
28,20.99,89.99,127,1
29,23.94,92.94,162,2
30,19.06,88.06,87,1
31,25.46,94.46,172,2
32,29.19,98.19,190,2
33,28.73,97.73,144,2
34,21.69,90.69,121,1
35,23.66,92.66,134,2
36,19.51,88.51,93,1
37,14.84,83.84,29,0
38,15.34,84.34,79,1
39,20.76,89.76,104,1
40,28.08,97.08,150,2
41,14.23,83.23,59,0
42,20.0,89.0,104,1
43,13.13,82.13,40,0
44,21.96,90.96,110,1
45,24.84,93.84,181,2
46,15.14,84.14,59,1
47,13.89,82.89,25,0
48,21.77,90.77,129,1
49,20.43,89.43,109,1
50,24.82,93.82,179,2
51,23.89,92.89,157,2
52,13.06,82.06,33,0
53,19.94,88.94,98,1
54,24.06,93.06,174,2
55,19.56,88.56,98,1
56,17.39,86.39,11,1
57,13.03,82.03,30,0
58,21.8,90.8,94,1
59,23.24,92.24,163,2
60,12.26,81.26,44,0
61,18.37,87.37,18,1
62,23.46,92.46,185,2
63,20.05,89.05,109,1
64,19.07,88.07,88,1
65,24.52,93.52,149,2
66,21.67,90.67,119,1
67,12.06,81.06,24,0
68,21.86,90.86,100,1
69,23.09,92.09,148,2
70,25.74,94.74,200,2
71,22.63,91.63,109,1
72,21.12,90.12,102,1
73,25.47,94.47,173,2
74,23.56,92.56,195,2
75,21.0,90.0,128,1
76,25.81,94.81,136,2
77,25.76,94.76,131,2
78,22.66,91.66,112,1
79,26.78,95.78,162,2
80,22.77,91.77,123,1
81,20.66,89.66,94,1
82,16.75,85.75,38,1
83,26.87,95.87,171,2
84,27.84,96.84,197,2
85,25.34,94.34,160,2
86,12.79,81.79,6,0
87,27.92,96.92,134,2
88,11.33,80.33,42,0
89,16.47,85.47,10,1
90,29.74,98.74,174,2
91,20.89,89.89,117,1
92,27.96,96.96,138,2
93,24.53,93.53,150,2
94,28.44,97.44,186,2
95,11.89,80.89,7,0
96,25.89,94.89,144,2
97,29.5,98.5,150,2
98,21.38,90.38,128,1
99,14.18,83.18,54,0
100,19.0,88.0,81,1
101,28.68,97.68,139,2
102,12.54,81.54,72,0
103,21.26,90.26,116,1
104,11.77,80.77,86,0
105,20.44,89.44,110,1
106,22.59,91.59,105,1
107,10.31,79.31,31,0
108,10.6,79.6,60,0
109,17.5,86.5,22,1
110,24.08,93.08,176,2
111,22.64,91.64,110,1
112,18.53,87.53,34,1
113,28.95,97.95,166,2
114,25.78,94.78,133,2
115,17.24,86.24,87,1
116,24.0,93.0,168,2
117,25.63,94.63,189,2
118,20.73,89.73,101,1
119,29.06,98.06,177,2
120,19.84,88.84,126,1
121,17.21,86.21,84,1
122,18.65,87.65,46,1
123,21.68,90.68,120,1
124,12.58,81.58,76,0
125,13.22,82.22,49,0
126,22.42,91.42,118,1
127,27.8,96.8,193,2
128,29.79,98.79,179,2
129,11.92,80.92,10,0
130,13.28,82.28,55,0
131,10.4,79.4,40,0
132,20.11,89.11,115,1
133,13.46,82.46,73,0
134,13.95,82.95,31,0
135,27.86,96.86,199,2
136,20.63,89.63,129,1
137,18.07,87.07,79,1
138,19.97,88.97,101,1
139,14.16,83.16,52,0
140,28.45,97.45,187,2
141,28.36,97.36,178,2
142,29.3,98.3,130,2
143,19.26,88.26,106,1
144,29.78,98.78,178,2
145,23.93,92.93,161,2
146,28.62,97.62,133,2
147,25.19,94.19,145,2
148,23.78,92.78,146,2
149,28.22,97.22,164,2
150,21.39,90.39,129,1
151,17.88,86.88,60,1
152,29.94,98.94,194,2
153,21.05,90.05,95,1
154,29.89,98.89,189,2
155,28.84,97.84,155,2
156,26.06,95.06,161,2
157,24.4,93.4,137,2
158,16.79,85.79,42,1
159,26.03,95.03,158,2
160,26.38,95.38,193,2
161,10.46,79.46,46,0
162,21.97,90.97,111,1
163,26.32,95.32,187,2
164,26.46,95.46,130,2
165,12.74,81.74,1,0
166,29.37,98.37,137,2
167,14.83,83.83,28,0
168,16.88,85.88,51,1
169,10.92,79.92,1,0
170,11.45,80.45,54,0
171,14.35,83.35,71,0
172,15.21,84.21,66,1
173,27.14,96.14,198,2
174,16.54,85.54,17,1
175,11.84,80.84,2,0
176,17.56,86.56,28,1
177,28.87,97.87,158,2
178,11.88,80.88,6,0
179,13.62,82.62,89,0
180,15.86,84.86,40,1
181,29.91,98.91,191,2
182,25.87,94.87,142,2
183,24.62,93.62,159,2
184,23.82,92.82,150,2
185,26.64,95.64,148,2
186,29.86,98.86,186,2
187,28.25,97.25,167,2
188,16.82,85.82,45,1
189,26.61,95.61,145,2
190,21.27,90.27,117,1
191,24.78,93.78,175,2
192,27.43,96.43,156,2
193,16.56,85.56,19,1
194,13.0,82.0,27,0
195,19.14,88.14,94,1
196,16.04,85.04,58,1
197,25.96,94.96,151,2
198,25.41,94.41,167,2
199,22.71,91.71,117,1
200,14.59,83.59,4,0
201,14.77,83.77,22,0
202,14.07,83.07,43,0
203,11.09,80.09,18,0
204,10.52,79.52,52,0
205,22.06,91.06,120,1
206,17.77,86.77,49,1
207,12.56,81.56,74,0
208,20.98,89.98,126,1
209,27.17,96.17,130,2
210,10.65,79.65,65,0
211,11.32,80.32,41,0
212,22.09,91.09,123,1
213,20.93,89.93,121,1
214,14.92,83.92,37,0
215,21.98,90.98,112,1
216,21.78,90.78,92,1
217,10.33,79.33,33,0
218,12.61,81.61,79,0
219,19.09,88.09,90,1
220,26.19,95.19,174,2
221,27.11,96.11,195,2
222,23.59,92.59,198,2
223,27.26,96.26,139,2
224,29.35,98.35,135,2
225,19.99,88.99,103,1
226,22.18,91.18,94,1
227,14.36,83.36,72,0
228,12.41,81.41,59,0
229,11.48,80.48,57,0
230,15.43,84.43,88,1
231,18.93,87.93,74,1
232,14.42,83.42,78,0
233,18.74,87.74,55,1
234,10.21,79.21,21,0
235,26.98,95.98,182,2
236,22.41,91.41,117,1
237,21.74,90.74,126,1
238,17.44,86.44,16,1
239,27.99,96.99,141,2
240,25.44,94.44,170,2
241,16.93,85.93,56,1
242,11.1,80.1,19,0
243,25.16,94.16,142,2
244,17.53,86.53,25,1
245,13.58,82.58,85,0
246,12.72,81.72,90,0
247,27.69,96.69,182,2
248,26.24,95.24,179,2
249,23.67,92.67,135,2
250,16.01,85.01,55,1
251,22.04,91.04,118,1
252,25.32,94.32,158,2
253,15.97,84.97,51,1
254,13.94,82.94,30,0
255,22.39,91.39,115,1
256,11.55,80.55,64,0
257,10.19,79.19,19,0
258,14.28,83.28,64,0
259,24.01,93.01,169,2
260,19.57,88.57,99,1
261,21.92,90.92,106,1
262,12.86,81.86,13,0
263,20.09,89.09,113,1
264,19.45,88.45,125,1
265,21.15,90.15,105,1
266,18.79,87.79,60,1
267,20.31,89.31,97,1
268,10.85,79.85,85,0
269,12.49,81.49,67,0
270,27.23,96.23,136,2
271,20.1,89.1,114,1
272,11.87,80.87,5,0
273,29.11,98.11,182,2
274,11.9,80.9,8,0
275,21.17,90.17,107,1
276,10.2,79.2,20,0
277,11.52,80.52,61,0
278,22.62,91.62,108,1
279,24.7,93.7,167,2
280,23.38,92.38,177,2
281,23.44,92.44,183,2
282,26.86,95.86,170,2
283,25.01,94.01,198,2
284,26.55,95.55,139,2
285,19.34,88.34,114,1
286,27.13,96.13,197,2
287,23.52,92.52,191,2
288,11.02,80.02,11,0
289,28.26,97.26,168,2
290,22.0,91.0,114,1
291,10.1,79.1,10,0
292,12.63,81.63,81,0
293,25.14,94.14,140,2
294,20.46,89.46,112,1
295,11.54,80.54,63,0
296,14.22,83.22,58,0
297,12.55,81.55,73,0
298,11.05,80.05,14,0
299,18.87,87.87,68,1
300,20.08,89.08,112,1
301,20.24,89.24,128,1
302,24.85,93.85,182,2
303,18.47,87.47,28,1
304,17.32,86.32,4,1
305,26.21,95.21,176,2
306,23.32,92.32,171,2
307,16.2,85.2,74,1
308,26.83,95.83,167,2
309,29.17,98.17,188,2
310,13.16,82.16,43,0
311,20.68,89.68,96,1
312,24.23,93.23,191,2
313,15.99,84.99,53,1
314,23.18,92.18,157,2
315,11.66,80.66,75,0
316,29.77,98.77,177,2
317,11.21,80.21,30,0
318,14.58,83.58,3,0
319,10.3,79.3,30,0
320,10.81,79.81,81,0
321,28.09,97.09,151,2
322,18.71,87.71,52,1
323,22.56,91.56,102,1
324,12.15,81.15,33,0
325,17.85,86.85,57,1
326,25.21,94.21,147,2
327,28.66,97.66,137,2
328,18.7,87.7,51,1
329,15.65,84.65,19,1
330,27.7,96.7,183,2
331,26.14,95.14,169,2
332,15.07,84.07,52,1
333,15.27,84.27,72,1
334,28.14,97.14,156,2
335,24.25,93.25,193,2
336,23.77,92.77,145,2
337,28.7,97.7,141,2
338,17.42,86.42,14,1
339,27.36,96.36,149,2
340,24.88,93.88,185,2
341,10.23,79.23,23,0
342,14.21,83.21,57,0
343,10.08,79.08,8,0
344,28.49,97.49,191,2
345,22.13,91.13,127,1
346,18.33,87.33,14,1
347,19.32,88.32,112,1
348,21.58,90.58,110,1
349,21.55,90.55,107,1
350,23.26,92.26,165,2
351,15.79,84.79,33,1
352,16.73,85.73,36,1
353,21.63,90.63,115,1
354,18.78,87.78,59,1
355,19.4,88.4,120,1
356,13.08,82.08,35,0
357,25.26,94.26,152,2
358,11.67,80.67,76,0
359,12.4,81.4,58,0
360,17.84,86.84,56,1
361,29.41,98.41,141,2
362,15.24,84.24,69,1
363,25.43,94.43,169,2
364,25.66,94.66,192,2
365,23.79,92.79,147,2
366,17.06,86.06,69,1
367,29.29,98.29,200,2
368,24.39,93.39,136,2
369,10.78,79.78,78,0
370,17.48,86.48,20,1
371,20.91,89.91,119,1
372,19.85,88.85,127,1
373,17.15,86.15,78,1
374,28.29,97.29,171,2
375,17.38,86.38,10,1
376,14.31,83.31,67,0
377,23.27,92.27,166,2
378,20.22,89.22,126,1
379,25.97,94.97,152,2
380,14.11,83.11,47,0
381,18.32,87.32,13,1
382,19.19,88.19,99,1
383,24.64,93.64,161,2
384,22.82,91.82,128,1
385,23.74,92.74,142,2
386,11.25,80.25,34,0
387,29.58,98.58,158,2
388,16.14,85.14,68,1
389,11.59,80.59,68,0
390,10.24,79.24,24,0
391,27.81,96.81,194,2
392,12.11,81.11,29,0
393,17.89,86.89,61,1
394,16.65,85.65,28,1
395,16.25,85.25,79,1
396,15.44,84.44,89,1
397,14.05,83.05,41,0
398,10.77,79.77,77,0
399,20.47,89.47,113,1
400,26.26,95.26,181,2
401,28.13,97.13,155,2
402,20.33,89.33,99,1
403,27.02,96.02,186,2
404,22.08,91.08,122,1
405,21.75,90.75,127,1
406,26.81,95.81,165,2
407,15.72,84.72,26,1
408,28.63,97.63,134,2
409,19.68,88.68,110,1
410,20.9,89.9,118,1
411,12.32,81.32,50,0
412,10.36,79.36,36,0
413,21.31,90.31,121,1
414,21.51,90.51,103,1
415,14.99,83.99,44,0
416,21.71,90.71,123,1
417,21.48,90.48,100,1
418,14.44,83.44,80,0
419,18.68,87.68,49,1
420,29.68,98.68,168,2
421,24.97,93.97,194,2
422,29.92,98.92,192,2
423,16.38,85.38,1,1
424,27.39,96.39,152,2
425,12.02,81.02,20,0
426,11.38,80.38,47,0
427,20.12,89.12,116,1
428,14.09,83.09,45,0
429,24.35,93.35,132,2
430,28.97,97.97,168,2
431,29.02,98.02,173,2
432,28.28,97.28,170,2
433,16.84,85.84,47,1
434,26.43,95.43,198,2
435,29.48,98.48,148,2
436,17.41,86.41,13,1
437,25.04,94.04,130,2
438,15.51,84.51,5,1
439,13.24,82.24,51,0
440,16.76,85.76,39,1
441,24.28,93.28,196,2
442,22.73,91.73,119,1
443,16.28,85.28,82,1
444,14.71,83.71,16,0
445,19.21,88.21,101,1
446,24.24,93.24,192,2
447,14.88,83.88,33,0
448,18.5,87.5,31,1
449,15.96,84.96,50,1
450,10.44,79.44,44,0
451,25.73,94.73,199,2
452,27.77,96.77,190,2
453,10.29,79.29,29,0
454,18.72,87.72,53,1
455,20.48,89.48,114,1
456,24.33,93.33,130,2
457,15.42,84.42,87,1
458,28.05,97.05,147,2
459,17.72,86.72,44,1
460,12.22,81.22,40,0
461,18.52,87.52,33,1
462,25.06,94.06,132,2
463,10.34,79.34,34,0
464,26.35,95.35,190,2
465,10.95,79.95,4,0
466,15.64,84.64,18,1
467,10.48,79.48,48,0
468,12.25,81.25,43,0
469,14.73,83.73,18,0
470,20.97,89.97,125,1
471,23.3,92.3,169,2
472,21.11,90.11,101,1
473,19.36,88.36,116,1
474,25.17,94.17,143,2
475,10.96,79.96,5,0
476,27.49,96.49,162,2
477,29.63,98.63,163,2
478,27.87,96.87,200,2
479,17.63,86.63,35,1
480,29.2,98.2,191,2
481,24.43,93.43,140,2
482,20.07,89.07,111,1
483,28.3,97.3,172,2
484,14.1,83.1,46,0
485,23.96,92.96,164,2
486,13.8,82.8,16,0
487,11.24,80.24,33,0
488,25.83,94.83,138,2
489,29.09,98.09,180,2
490,19.65,88.65,107,1
491,15.12,84.12,57,1
492,13.48,82.48,75,0
493,29.53,98.53,153,2
494,22.65,91.65,111,1
495,22.38,91.38,114,1
496,27.82,96.82,195,2
497,14.96,83.96,41,0
498,11.29,80.29,38,0
499,19.22,88.22,102,1
500,10.82,79.82,82,0
501,26.05,95.05,160,2
502,23.68,92.68,136,2
503,28.64,97.64,135,2
504,13.72,82.72,8,0
505,19.05,88.05,86,1
506,15.02,84.02,47,1
507,20.23,89.23,127,1
508,10.63,79.63,63,0
509,20.61,89.61,127,1
510,11.07,80.07,16,0
511,16.97,85.97,60,1
512,23.15,92.15,154,2
513,28.07,97.07,149,2
514,13.81,82.81,17,0
515,16.68,85.68,31,1
516,27.95,96.95,137,2
517,14.9,83.9,35,0
518,17.87,86.87,59,1
519,22.43,91.43,119,1
520,13.36,82.36,63,0
521,17.34,86.34,6,1
522,17.29,86.29,1,1
523,15.87,84.87,41,1
524,10.39,79.39,39,0
525,22.61,91.61,107,1
526,23.33,92.33,172,2
527,29.12,98.12,183,2
528,26.27,95.27,182,2
529,25.52,94.52,178,2
530,19.3,88.3,110,1
531,19.72,88.72,114,1
532,16.57,85.57,20,1
533,23.07,92.07,146,2
534,12.03,81.03,21,0
535,11.78,80.78,87,0
536,28.19,97.19,161,2
537,26.8,95.8,164,2
538,16.3,85.3,84,1
539,20.87,89.87,115,1
540,12.13,81.13,31,0
541,18.69,87.69,50,1
542,13.83,82.83,19,0
543,17.27,86.27,90,1
544,18.86,87.86,67,1
545,24.13,93.13,181,2
546,16.39,85.39,2,1
547,25.39,94.39,165,2
548,15.68,84.68,22,1
549,27.76,96.76,189,2
550,17.68,86.68,40,1
551,16.05,85.05,59,1
552,12.62,81.62,80,0
553,22.11,91.11,125,1
554,14.51,83.51,87,0
555,21.61,90.61,113,1
556,22.54,91.54,100,1
557,11.13,80.13,22,0
558,15.81,84.81,35,1
559,23.06,92.06,145,2
560,16.98,85.98,61,1
561,22.22,91.22,98,1
562,13.67,82.67,3,0
563,11.46,80.46,55,0
564,13.1,82.1,37,0
565,24.66,93.66,163,2
566,10.28,79.28,28,0
567,11.98,80.98,16,0
568,26.28,95.28,183,2
569,20.65,89.65,93,1
570,23.45,92.45,184,2
571,19.91,88.91,95,1
572,24.21,93.21,189,2
573,13.39,82.39,66,0
574,28.77,97.77,148,2
575,18.34,87.34,15,1
576,26.48,95.48,132,2
577,27.03,96.03,187,2
578,16.69,85.69,32,1
579,25.42,94.42,168,2
580,17.08,86.08,71,1
581,28.27,97.27,169,2
582,22.05,91.05,119,1
583,24.91,93.91,188,2
584,16.95,85.95,58,1
585,22.89,91.89,127,1
586,24.98,93.98,195,2
587,29.84,98.84,184,2
588,25.09,94.09,135,2
589,22.49,91.49,125,1
590,29.87,98.87,187,2
591,11.64,80.64,73,0
592,11.16,80.16,25,0
593,18.13,87.13,85,1
594,10.03,79.03,3,0
595,11.81,80.81,90,0
596,24.96,93.96,193,2
597,23.63,92.63,131,2
598,27.29,96.29,142,2
599,10.66,79.66,66,0
600,18.02,87.02,74,1
601,12.76,81.76,3,0
602,14.66,83.66,11,0
603,29.36,98.36,136,2
604,24.47,93.47,144,2
605,16.44,85.44,7,1
606,16.09,85.09,63,1
607,25.77,94.77,132,2
608,29.33,98.33,133,2
609,10.42,79.42,42,0
610,25.23,94.23,149,2
611,29.21,98.21,192,2
612,23.53,92.53,192,2
613,20.72,89.72,100,1
614,19.81,88.81,123,1
615,13.41,82.41,68,0
616,29.51,98.51,151,2
617,25.79,94.79,134,2
618,17.66,86.66,38,1
619,11.12,80.12,21,0
620,17.52,86.52,24,1
621,11.69,80.69,78,0
622,25.56,94.56,182,2
623,18.0,87.0,72,1
624,17.46,86.46,18,1
625,29.24,98.24,195,2
626,19.87,88.87,129,1
627,20.59,89.59,125,1
628,20.95,89.95,123,1
629,11.95,80.95,13,0
630,13.02,82.02,29,0
631,12.48,81.48,66,0
632,29.57,98.57,157,2
633,19.82,88.82,124,1
634,17.31,86.31,3,1
635,11.93,80.93,11,0
636,25.99,94.99,154,2
637,18.8,87.8,61,1
638,16.24,85.24,78,1
639,19.17,88.17,97,1
640,28.92,97.92,163,2
641,11.19,80.19,28,0
642,28.99,97.99,170,2
643,21.54,90.54,106,1
644,27.01,96.01,185,2
645,16.22,85.22,76,1
646,11.94,80.94,12,0
647,24.94,93.94,191,2
648,22.32,91.32,108,1
649,27.68,96.68,181,2
650,29.88,98.88,188,2
651,26.33,95.33,188,2
652,13.21,82.21,48,0
653,27.09,96.09,193,2
654,24.18,93.18,186,2
655,27.41,96.41,154,2
656,14.89,83.89,34,0
657,21.1,90.1,100,1
658,23.58,92.58,197,2
659,13.99,82.99,35,0
660,20.75,89.75,103,1
661,27.08,96.08,192,2
662,21.37,90.37,127,1
663,11.23,80.23,32,0
664,21.23,90.23,113,1
665,25.13,94.13,139,2
666,15.74,84.74,28,1
667,10.11,79.11,11,0
668,20.17,89.17,121,1
669,10.57,79.57,57,0
670,22.53,91.53,129,1
671,15.08,84.08,53,1
672,12.39,81.39,57,0
673,15.56,84.56,10,1
674,25.61,94.61,187,2
675,11.03,80.03,12,0
676,14.62,83.62,7,0
677,21.79,90.79,93,1
678,15.66,84.66,20,1
679,10.99,79.99,8,0
680,28.18,97.18,160,2
681,17.12,86.12,75,1
682,16.96,85.96,59,1
683,22.76,91.76,122,1
684,18.14,87.14,86,1
685,14.19,83.19,55,0
686,20.7,89.7,98,1
687,17.67,86.67,39,1
688,13.73,82.73,9,0
689,20.71,89.71,99,1
690,13.27,82.27,54,0
691,23.39,92.39,178,2
692,11.44,80.44,53,0
693,26.15,95.15,170,2
694,14.68,83.68,13,0
695,23.03,92.03,142,2
696,22.3,91.3,106,1
697,28.32,97.32,174,2
698,28.4,97.4,182,2
699,12.17,81.17,35,0
700,18.04,87.04,76,1
701,10.9,79.9,90,0
702,12.12,81.12,30,0
703,19.66,88.66,108,1
704,20.88,89.88,116,1
705,14.5,83.5,86,0
706,12.51,81.51,69,0
707,14.2,83.2,56,0
708,11.79,80.79,88,0
709,16.27,85.27,81,1
710,22.31,91.31,107,1
711,10.67,79.67,67,0
712,13.07,82.07,34,0
713,15.03,84.03,48,1
714,23.31,92.31,170,2
715,10.53,79.53,53,0
716,28.52,97.52,194,2
717,28.43,97.43,185,2
718,10.49,79.49,49,0
719,16.18,85.18,72,1
720,22.52,91.52,128,1
721,17.11,86.11,74,1
722,13.55,82.55,82,0
723,28.23,97.23,165,2
724,26.2,95.2,175,2
725,26.04,95.04,159,2
726,25.59,94.59,185,2
727,25.8,94.8,135,2
728,23.69,92.69,137,2
729,15.41,84.41,86,1
730,19.67,88.67,109,1
731,21.07,90.07,97,1
732,19.8,88.8,122,1
733,25.33,94.33,159,2
734,13.45,82.45,72,0
735,21.19,90.19,109,1
736,14.67,83.67,12,0
737,22.48,91.48,124,1
738,29.13,98.13,184,2
739,17.71,86.71,43,1
740,12.42,81.42,60,0
741,11.97,80.97,15,0
742,12.93,81.93,20,0
743,28.76,97.76,147,2
744,25.27,94.27,153,2
745,24.2,93.2,188,2
746,10.05,79.05,5,0
747,14.6,83.6,5,0
748,25.86,94.86,141,2
749,22.7,91.7,116,1
750,17.75,86.75,47,1
751,18.27,87.27,8,1
752,28.61,97.61,132,2
753,11.61,80.61,70,0
754,29.6,98.6,160,2
755,26.12,95.12,167,2
756,15.19,84.19,64,1
757,18.48,87.48,29,1
758,22.28,91.28,104,1
759,11.0,80.0,9,0
760,11.26,80.26,35,0
761,19.77,88.77,119,1
762,23.23,92.23,162,2
763,18.66,87.66,47,1
764,21.5,90.5,102,1
765,12.83,81.83,10,0
766,24.9,93.9,187,2
767,27.46,96.46,159,2
768,29.56,98.56,156,2
769,19.63,88.63,105,1
770,22.44,91.44,120,1
771,13.74,82.74,10,0
772,26.4,95.4,195,2
773,19.62,88.62,104,1
774,29.04,98.04,175,2
775,20.62,89.62,128,1
776,12.38,81.38,56,0
777,18.21,87.21,2,1
778,21.64,90.64,116,1
779,18.24,87.24,5,1
780,10.35,79.35,35,0
781,14.47,83.47,83,0
782,21.16,90.16,106,1
783,16.63,85.63,26,1
784,23.11,92.11,150,2
785,13.37,82.37,64,0
786,14.8,83.8,25,0
787,29.96,98.96,196,2
788,17.62,86.62,34,1
789,29.28,98.28,199,2
790,17.97,86.97,69,1
791,27.57,96.57,170,2
792,24.27,93.27,195,2
793,18.12,87.12,84,1
794,23.02,92.02,141,2
795,26.08,95.08,163,2
796,20.04,89.04,108,1
797,18.58,87.58,39,1
798,13.76,82.76,12,0
799,16.9,85.9,53,1
800,27.62,96.62,175,2
801,21.84,90.84,98,1
802,26.97,95.97,181,2
803,19.6,88.6,102,1
804,26.47,95.47,131,2
805,11.68,80.68,77,0
806,18.59,87.59,40,1
807,20.25,89.25,129,1
808,17.17,86.17,80,1
809,24.92,93.92,189,2
810,23.87,92.87,155,2
811,22.87,91.87,125,1
812,17.6,86.6,32,1
813,14.86,83.86,31,0
814,19.71,88.71,113,1
815,28.9,97.9,161,2
816,18.92,87.92,73,1
817,26.49,95.49,133,2
818,19.02,88.02,83,1
819,29.65,98.65,165,2
820,27.55,96.55,168,2
821,29.54,98.54,154,2
822,24.58,93.58,155,2
823,26.34,95.34,189,2
824,18.94,87.94,75,1
825,14.27,83.27,63,0
826,28.82,97.82,153,2
827,14.78,83.78,23,0
828,15.77,84.77,31,1
829,18.81,87.81,62,1
830,12.44,81.44,62,0
831,27.33,96.33,146,2
832,24.63,93.63,160,2
833,20.82,89.82,110,1
834,19.98,88.98,102,1
835,18.63,87.63,44,1
836,20.06,89.06,110,1
837,17.51,86.51,23,1
838,28.21,97.21,163,2
839,18.55,87.55,36,1
840,20.28,89.28,94,1
841,22.02,91.02,116,1
842,29.52,98.52,152,2
843,28.71,97.71,142,2
844,10.83,79.83,83,0
845,15.17,84.17,62,1
846,12.1,81.1,28,0
847,20.38,89.38,104,1
848,26.57,95.57,141,2
849,19.31,88.31,111,1
850,13.64,82.64,0,0
851,28.75,97.75,146,2
852,26.65,95.65,149,2
853,16.11,85.11,65,1
854,26.29,95.29,184,2
855,22.6,91.6,106,1
856,27.32,96.32,145,2
857,21.49,90.49,101,1
858,19.5,88.5,92,1
859,25.51,94.51,177,2
860,25.38,94.38,164,2
861,13.52,82.52,79,0
862,21.25,90.25,115,1
863,14.45,83.45,81,0
864,11.28,80.28,37,0
865,12.65,81.65,83,0
866,10.18,79.18,18,0
867,17.8,86.8,52,1
868,14.53,83.53,89,0
869,30.0,99.0,200,2
870,13.96,82.96,32,0
871,12.45,81.45,63,0
872,21.56,90.56,108,1
873,17.43,86.43,15,1
874,16.43,85.43,6,1
875,22.34,91.34,110,1
876,15.61,84.61,15,1
877,13.38,82.38,65,0
878,11.62,80.62,71,0
879,15.92,84.92,46,1
880,12.95,81.95,22,0
881,20.58,89.58,124,1
882,23.08,92.08,147,2
883,27.83,96.83,196,2
884,28.11,97.11,153,2
885,25.18,94.18,144,2
886,29.71,98.71,171,2
887,19.46,88.46,126,1
888,23.05,92.05,144,2
889,16.33,85.33,87,1
890,12.24,81.24,42,0
891,22.15,91.15,129,1
892,19.74,88.74,116,1
893,17.25,86.25,88,1
894,26.84,95.84,168,2
895,21.4,90.4,92,1
896,28.91,97.91,162,2
897,20.56,89.56,122,1
898,25.91,94.91,146,2
899,28.12,97.12,154,2
900,27.73,96.73,186,2
901,28.15,97.15,157,2
902,18.3,87.3,11,1
903,24.79,93.79,176,2
904,25.07,94.07,133,2
905,24.3,93.3,198,2
906,15.32,84.32,77,1
907,18.64,87.64,45,1
908,21.81,90.81,95,1
909,27.93,96.93,135,2
910,14.79,83.79,24,0
911,13.98,82.98,34,0
912,15.95,84.95,49,1
913,16.0,85.0,54,1
914,12.34,81.34,52,0
915,13.26,82.26,53,0
916,19.04,88.04,85,1
917,28.37,97.37,179,2
918,10.69,79.69,69,0
919,18.67,87.67,48,1
920,20.15,89.15,119,1
921,17.99,86.99,71,1
922,25.57,94.57,183,2
923,14.98,83.98,43,0
924,15.71,84.71,25,1
925,21.72,90.72,124,1
926,10.76,79.76,76,0
927,13.59,82.59,86,0
928,19.75,88.75,117,1
929,15.25,84.25,70,1
930,17.26,86.26,89,1
931,13.65,82.65,1,0
932,10.54,79.54,54,0
933,22.84,91.84,122,1
934,15.01,84.01,46,1
935,10.02,79.02,2,0
936,13.11,82.11,38,0
937,23.37,92.37,176,2
938,16.59,85.59,22,1
939,18.19,87.19,0,1
940,13.14,82.14,41,0
941,18.54,87.54,35,1
942,17.33,86.33,5,1
943,14.02,83.02,38,0
944,24.57,93.57,154,2
945,24.76,93.76,173,2
946,15.93,84.93,47,1
947,21.91,90.91,105,1
948,19.78,88.78,120,1
949,21.99,90.99,113,1
950,20.74,89.74,102,1
951,24.15,93.15,183,2
952,25.1,94.1,136,2
953,12.8,81.8,7,0
954,27.38,96.38,151,2
955,23.36,92.36,175,2
956,22.36,91.36,112,1
957,14.87,83.87,32,0
958,23.5,92.5,189,2
959,17.1,86.1,73,1
960,16.48,85.48,11,1
961,25.37,94.37,163,2
962,11.34,80.34,43,0
963,19.76,88.76,118,1
964,26.99,95.99,183,2
965,10.75,79.75,75,0
966,17.94,86.94,66,1
967,19.24,88.24,104,1
968,14.03,83.03,39,0
969,28.65,97.65,136,2
970,17.76,86.76,48,1
971,12.16,81.16,34,0
972,29.9,98.9,190,2
973,18.97,87.97,78,1
974,25.94,94.94,149,2
975,23.54,92.54,193,2
976,12.33,81.33,51,0
977,18.85,87.85,66,1
978,20.4,89.4,106,1
979,15.69,84.69,23,1
980,28.17,97.17,159,2
981,20.8,89.8,108,1
982,22.12,91.12,126,1
983,18.42,87.42,23,1
984,16.29,85.29,83,1
985,28.79,97.79,150,2
986,14.81,83.81,26,0
987,29.61,98.61,161,2
988,13.92,82.92,28,0
989,23.9,92.9,158,2
990,29.05,98.05,176,2
991,24.17,93.17,185,2
992,18.2,87.2,1,1
993,12.69,81.69,87,0
994,29.99,98.99,199,2
995,20.2,89.2,124,1
996,24.03,93.03,171,2
997,20.41,89.41,107,1
998,17.16,86.16,79,1
999,24.69,93.69,166,2
1000,15.09,84.09,54,1
1001,10.62,79.62,62,0
1002,20.14,89.14,118,1
1003,15.55,84.55,9,1
1004,18.03,87.03,75,1
1005,19.83,88.83,125,1
1006,24.6,93.6,157,2
1007,26.62,95.62,146,2
1008,15.4,84.4,85,1
1009,26.75,95.75,159,2
1010,17.45,86.45,17,1
1011,26.18,95.18,173,2
1012,19.42,88.42,122,1
1013,24.99,93.99,196,2
1014,22.85,91.85,123,1
1015,27.4,96.4,153,2
1016,26.45,95.45,200,2
1017,10.22,79.22,22,0
1018,27.72,96.72,185,2
1019,12.43,81.43,61,0
1020,23.57,92.57,196,2
1021,19.47,88.47,127,1
1022,12.36,81.36,54,0
1023,26.56,95.56,140,2
1024,21.03,90.03,93,1
1025,19.64,88.64,106,1
1026,18.75,87.75,56,1
1027,11.74,80.74,83,0
1028,15.5,84.5,4,1
1029,29.93,98.93,193,2
1030,14.01,83.01,37,0
1031,12.04,81.04,22,0
1032,13.34,82.34,61,0
1033,10.32,79.32,32,0
1034,28.03,97.03,145,2
1035,29.59,98.59,159,2
1036,15.04,84.04,49,1
1037,20.01,89.01,105,1
1038,15.38,84.38,83,1
1039,18.76,87.76,57,1
1040,22.91,91.91,130,2
1041,14.32,83.32,68,0
1042,23.49,92.49,188,2
1043,10.26,79.26,26,0
1044,27.97,96.97,139,2
1045,14.41,83.41,77,0
1046,11.73,80.73,82,0
1047,16.23,85.23,77,1
1048,25.35,94.35,161,2
1049,23.83,92.83,151,2
1050,11.91,80.91,9,0
1051,14.17,83.17,53,0
1052,27.9,96.9,132,2
1053,22.92,91.92,131,2
1054,28.81,97.81,152,2
1055,16.74,85.74,37,1
1056,18.1,87.1,82,1
1057,22.24,91.24,100,1
1058,23.85,92.85,153,2
1059,28.54,97.54,196,2
1060,20.77,89.77,105,1
1061,25.55,94.55,181,2
1062,14.33,83.33,69,0
1063,24.45,93.45,142,2
1064,24.19,93.19,187,2
1065,19.25,88.25,105,1
1066,28.42,97.42,184,2
1067,22.27,91.27,103,1
1068,12.78,81.78,5,0
1069,27.58,96.58,171,2
1070,18.17,87.17,89,1
1071,17.19,86.19,82,1
1072,29.03,98.03,174,2
1073,18.51,87.51,32,1
1074,28.83,97.83,154,2
1075,13.2,82.2,47,0
1076,22.96,91.96,135,2
1077,15.52,84.52,6,1
1078,16.13,85.13,67,1
1079,18.44,87.44,25,1
1080,11.41,80.41,50,0
1081,12.73,81.73,0,0
1082,19.96,88.96,100,1
1083,29.97,98.97,197,2
1084,14.55,83.55,0,0
1085,25.85,94.85,140,2
1086,15.45,84.45,90,1
1087,20.92,89.92,120,1
1088,19.13,88.13,93,1
1089,12.35,81.35,53,0
1090,16.78,85.78,41,1
1091,26.66,95.66,150,2
1092,23.19,92.19,158,2
1093,18.39,87.39,20,1
1094,24.74,93.74,171,2
1095,11.04,80.04,13,0
1096,27.05,96.05,189,2
1097,16.51,85.51,14,1
1098,29.31,98.31,131,2
1099,19.35,88.35,115,1
1100,18.57,87.57,38,1
1101,17.73,86.73,45,1
1102,13.35,82.35,62,0
1103,16.86,85.86,49,1
1104,22.5,91.5,126,1
1105,26.94,95.94,178,2
1106,21.76,90.76,128,1
1107,10.56,79.56,56,0
1108,28.24,97.24,166,2
1109,12.82,81.82,9,0
1110,19.15,88.15,95,1
1111,28.39,97.39,181,2
1112,21.9,90.9,104,1
1113,23.48,92.48,187,2
1114,27.34,96.34,147,2
1115,24.71,93.71,168,2
1116,13.47,82.47,74,0
1117,25.03,94.03,200,2
1118,29.7,98.7,170,2
1119,19.9,88.9,94,1
1120,26.9,95.9,174,2
1121,17.92,86.92,64,1
1122,13.25,82.25,52,0
1123,24.12,93.12,180,2
1124,10.55,79.55,55,0
1125,15.31,84.31,76,1
1126,12.92,81.92,19,0
1127,27.67,96.67,180,2
1128,13.6,82.6,87,0
1129,17.4,86.4,12,1
1130,10.73,79.73,73,0
1131,12.97,81.97,24,0
1132,16.19,85.19,73,1
1133,17.05,86.05,68,1
1134,14.85,83.85,30,0
1135,23.76,92.76,144,2
1136,17.02,86.02,65,1
1137,26.17,95.17,172,2
1138,22.58,91.58,104,1
1139,18.99,87.99,80,1
1140,15.18,84.18,63,1
1141,16.07,85.07,61,1
1142,22.46,91.46,122,1
1143,21.35,90.35,125,1
1144,13.4,82.4,67,0
1145,17.91,86.91,63,1
1146,23.62,92.62,130,2
1147,28.47,97.47,189,2
1148,16.8,85.8,43,1
1149,14.08,83.08,44,0
1150,26.93,95.93,177,2
1151,26.72,95.72,156,2
1152,22.25,91.25,101,1
1153,27.06,96.06,190,2
1154,29.4,98.4,140,2
1155,22.97,91.97,136,2
1156,14.29,83.29,65,0
1157,29.27,98.27,198,2
1158,23.04,92.04,143,2
1159,11.01,80.01,10,0
1160,21.44,90.44,96,1
1161,13.01,82.01,28,0
1162,15.13,84.13,58,1
1163,21.02,90.02,92,1
1164,20.21,89.21,125,1
1165,16.35,85.35,89,1
1166,27.31,96.31,144,2
1167,13.42,82.42,69,0
1168,15.0,84.0,45,0
1169,16.91,85.91,54,1
1170,14.97,83.97,42,0
1171,20.79,89.79,107,1
1172,21.65,90.65,117,1
1173,24.42,93.42,139,2
1174,19.27,88.27,107,1
1175,16.66,85.66,29,1
1176,15.29,84.29,74,1
1177,17.9,86.9,62,1
1178,29.67,98.67,167,2
1179,14.69,83.69,14,0
1180,14.26,83.26,62,0
1181,22.01,91.01,115,1
1182,25.71,94.71,197,2
1183,23.7,92.7,138,2
1184,12.88,81.88,15,0
1185,25.88,94.88,143,2
1186,19.59,88.59,101,1
1187,12.85,81.85,12,0
1188,10.64,79.64,64,0
1189,26.01,95.01,156,2
1190,20.37,89.37,103,1
1191,19.7,88.7,112,1
1192,15.94,84.94,48,1
1193,22.86,91.86,124,1
1194,27.2,96.2,133,2
1195,19.73,88.73,115,1
1196,12.28,81.28,46,0
1197,24.22,93.22,190,2
1198,23.1,92.1,149,2
1199,21.7,90.7,122,1
1200,19.33,88.33,113,1
1201,11.7,80.7,79,0
1202,22.45,91.45,121,1
1203,19.53,88.53,95,1
1204,16.08,85.08,62,1
1205,22.95,91.95,134,2
1206,10.59,79.59,59,0
1207,13.32,82.32,59,0
1208,12.08,81.08,26,0
1209,24.77,93.77,174,2
1210,18.98,87.98,79,1
1211,23.0,92.0,139,2
1212,24.86,93.86,183,2
1213,22.21,91.21,97,1
1214,15.26,84.26,71,1
1215,25.28,94.28,154,2
1216,17.86,86.86,58,1
1217,28.02,97.02,144,2
1218,29.62,98.62,162,2
1219,19.41,88.41,121,1
1220,16.06,85.06,60,1
1221,23.81,92.81,149,2
1222,10.93,79.93,2,0
1223,25.68,94.68,194,2
1224,16.55,85.55,18,1
1225,19.49,88.49,129,1
1226,10.8,79.8,80,0
1227,25.15,94.15,141,2
1228,15.58,84.58,12,1
1229,29.55,98.55,155,2
1230,12.31,81.31,49,0
1231,10.58,79.58,58,0
1232,23.35,92.35,174,2
1233,15.82,84.82,36,1
1234,27.1,96.1,194,2
1235,13.68,82.68,4,0
1236,11.6,80.6,69,0
1237,26.76,95.76,160,2
1238,25.31,94.31,157,2
1239,23.42,92.42,181,2
1240,13.09,82.09,36,0
1241,18.43,87.43,24,1
1242,26.31,95.31,186,2
1243,16.21,85.21,75,1
1244,11.51,80.51,60,0
1245,12.52,81.52,70,0
1246,25.69,94.69,195,2
1247,19.38,88.38,118,1
1248,22.9,91.9,128,1
1249,13.43,82.43,70,0
1250,10.38,79.38,38,0
1251,25.67,94.67,193,2
1252,10.15,79.15,15,0
1253,12.98,81.98,25,0
1254,20.02,89.02,106,1
1255,19.23,88.23,103,1
1256,15.15,84.15,60,1
1257,20.19,89.19,123,1
1258,10.91,79.91,0,0
1259,12.3,81.3,48,0
1260,11.39,80.39,48,0
1261,19.61,88.61,103,1
1262,18.26,87.26,7,1
1263,27.52,96.52,165,2
1264,11.75,80.75,84,0
1265,27.47,96.47,160,2
1266,19.54,88.54,96,1
1267,26.41,95.41,196,2
1268,23.65,92.65,133,2
1269,17.59,86.59,31,1
1270,20.83,89.83,111,1
1271,29.1,98.1,181,2
1272,29.22,98.22,193,2
1273,14.91,83.91,36,0
1274,23.97,92.97,165,2
1275,16.1,85.1,64,1
1276,20.57,89.57,123,1
1277,18.56,87.56,37,1
1278,24.38,93.38,135,2
1279,24.56,93.56,153,2
1280,17.14,86.14,77,1
1281,23.4,92.4,179,2
1282,22.78,91.78,124,1
1283,27.56,96.56,169,2
1284,11.47,80.47,56,0
1285,15.6,84.6,14,1
1286,26.74,95.74,158,2
1287,16.62,85.62,25,1
1288,27.3,96.3,143,2
1289,12.01,81.01,19,0
1290,11.65,80.65,74,0
1291,20.03,89.03,107,1
1292,14.76,83.76,21,0
1293,22.23,91.23,99,1
1294,22.67,91.67,113,1
1295,19.2,88.2,100,1
1296,22.8,91.8,126,1
1297,14.12,83.12,48,0
1298,18.61,87.61,42,1
1299,18.01,87.01,73,1
1300,16.92,85.92,55,1
1301,12.18,81.18,36,0
1302,24.49,93.49,146,2
1303,27.0,96.0,184,2
1304,21.18,90.18,108,1
1305,10.0,79.0,0,0
1306,19.12,88.12,92,1
1307,11.83,80.83,1,0
1308,11.22,80.22,31,0
1309,21.24,90.24,114,1
1310,22.74,91.74,120,1
1311,14.0,83.0,36,0
1312,15.49,84.49,3,1
1313,20.35,89.35,101,1
1314,29.0,98.0,171,2
1315,12.99,81.99,26,0
1316,10.04,79.04,4,0
1317,28.51,97.51,193,2
1318,23.21,92.21,160,2
1319,20.45,89.45,111,1
1320,11.71,80.71,80,0
1321,24.16,93.16,184,2
1322,11.42,80.42,51,0
1323,12.2,81.2,38,0
1324,22.26,91.26,102,1
1325,27.16,96.16,200,2
1326,23.72,92.72,140,2
1327,25.22,94.22,148,2
1328,19.29,88.29,109,1
1329,15.1,84.1,55,1
1330,25.49,94.49,175,2
1331,17.95,86.95,67,1
1332,25.05,94.05,131,2
1333,24.46,93.46,143,2
1334,16.12,85.12,66,1
1335,28.93,97.93,164,2
1336,10.71,79.71,71,0
1337,15.59,84.59,13,1
1338,24.93,93.93,190,2
1339,27.94,96.94,136,2
1340,28.01,97.01,143,2
1341,13.9,82.9,26,0
1342,20.54,89.54,120,1
1343,16.42,85.42,5,1
1344,20.69,89.69,97,1
1345,17.81,86.81,53,1
1346,17.23,86.23,86,1
1347,21.88,90.88,102,1
1348,16.89,85.89,52,1
1349,28.89,97.89,160,2
1350,27.79,96.79,192,2
1351,25.65,94.65,191,2
1352,19.93,88.93,97,1
1353,19.03,88.03,84,1
1354,10.37,79.37,37,0
1355,28.04,97.04,146,2
1356,12.09,81.09,27,0
1357,12.47,81.47,65,0
1358,20.39,89.39,105,1
1359,26.42,95.42,197,2
1360,29.23,98.23,194,2
1361,19.16,88.16,96,1
1362,20.53,89.53,119,1
1363,29.01,98.01,172,2
1364,20.32,89.32,98,1
1365,26.36,95.36,191,2
1366,23.73,92.73,141,2
1367,25.9,94.9,145,2
1368,21.22,90.22,112,1
1369,10.86,79.86,86,0
1370,26.88,95.88,172,2
1371,16.5,85.5,13,1
1372,29.64,98.64,164,2
1373,13.31,82.31,58,0
1374,10.88,79.88,88,0
1375,14.65,83.65,10,0
1376,16.58,85.58,21,1
1377,17.13,86.13,76,1
1378,19.79,88.79,121,1
1379,21.57,90.57,109,1
1380,16.16,85.16,70,1
1381,21.66,90.66,118,1
1382,25.84,94.84,139,2
1383,26.25,95.25,180,2
1384,26.89,95.89,173,2
1385,23.28,92.28,167,2
1386,11.18,80.18,27,0
1387,20.67,89.67,95,1
1388,17.82,86.82,54,1
1389,27.91,96.91,133,2
1390,29.34,98.34,134,2
1391,21.36,90.36,126,1
1392,25.3,94.3,156,2
1393,17.96,86.96,68,1
1394,11.57,80.57,66,0
1395,12.59,81.59,77,0
1396,29.75,98.75,175,2
1397,22.99,91.99,138,2
1398,14.82,83.82,27,0
1399,21.47,90.47,99,1
1400,26.37,95.37,192,2
1401,11.8,80.8,89,0
1402,15.84,84.84,38,1
1403,24.65,93.65,162,2
1404,17.61,86.61,33,1
1405,24.61,93.61,158,2
1406,10.68,79.68,68,0
1407,13.88,82.88,24,0
1408,15.36,84.36,81,1
1409,22.19,91.19,95,1
1410,25.58,94.58,184,2
1411,23.55,92.55,194,2
1412,18.95,87.95,76,1
1413,26.3,95.3,185,2
1414,10.14,79.14,14,0
1415,29.45,98.45,145,2
1416,22.37,91.37,113,1
1417,15.88,84.88,42,1
1418,26.96,95.96,180,2
1419,16.99,85.99,62,1
1420,24.68,93.68,165,2
1421,18.06,87.06,78,1
1422,29.18,98.18,189,2
1423,15.76,84.76,30,1
1424,17.98,86.98,70,1
1425,10.94,79.94,3,0
1426,22.88,91.88,126,1
1427,13.56,82.56,83,0
1428,23.92,92.92,160,2
1429,13.71,82.71,7,0
1430,22.83,91.83,129,1
1431,23.84,92.84,152,2
1432,16.72,85.72,35,1
1433,29.15,98.15,186,2
1434,27.85,96.85,198,2
1435,14.75,83.75,20,0
1436,24.32,93.32,200,2
1437,26.54,95.54,138,2
1438,28.85,97.85,156,2
1439,27.25,96.25,138,2
1440,11.96,80.96,14,0
1441,22.94,91.94,133,2
1442,24.07,93.07,175,2
1443,17.07,86.07,70,1
1444,15.83,84.83,37,1
1445,21.89,90.89,103,1
1446,13.85,82.85,21,0
1447,29.83,98.83,183,2
1448,11.85,80.85,3,0
1449,23.88,92.88,156,2
1450,28.5,97.5,192,2
1451,15.39,84.39,84,1
1452,15.7,84.7,24,1
1453,16.03,85.03,57,1
1454,13.04,82.04,31,0
1455,23.6,92.6,199,2
1456,21.13,90.13,103,1
1457,12.96,81.96,23,0
1458,28.53,97.53,195,2
1459,22.68,91.68,114,1
1460,24.75,93.75,172,2
1461,21.73,90.73,125,1
1462,11.5,80.5,59,0
1463,14.15,83.15,51,0
1464,14.37,83.37,73,0
1465,18.09,87.09,81,1
1466,14.63,83.63,8,0
1467,27.42,96.42,155,2
1468,11.17,80.17,26,0
1469,15.57,84.57,11,1
1470,13.78,82.78,14,0
1471,26.91,95.91,175,2
1472,21.42,90.42,94,1
1473,14.93,83.93,38,0
1474,29.81,98.81,181,2
1475,23.01,92.01,140,2
1476,10.47,79.47,47,0
1477,21.29,90.29,119,1
1478,28.72,97.72,143,2
1479,15.11,84.11,56,1
1480,13.33,82.33,60,0
1481,29.76,98.76,176,2
1482,26.11,95.11,166,2
1483,24.09,93.09,177,2
1484,13.44,82.44,71,0
1485,27.44,96.44,157,2
1486,12.84,81.84,11,0
1487,22.2,91.2,96,1
1488,11.86,80.86,4,0
1489,13.97,82.97,33,0
1490,14.39,83.39,75,0
1491,29.32,98.32,132,2
1492,11.2,80.2,29,0
1493,28.96,97.96,167,2
1494,18.46,87.46,27,1
1495,14.3,83.3,66,0
1496,18.35,87.35,16,1
1497,28.88,97.88,159,2
1498,10.84,79.84,84,0
1499,16.26,85.26,80,1
1500,15.73,84.73,27,1
1501,15.85,84.85,39,1
1502,17.57,86.57,29,1
1503,17.3,86.3,2,1
1504,23.14,92.14,153,2
1505,20.64,89.64,92,1
1506,11.14,80.14,23,0
1507,25.08,94.08,134,2
1508,17.0,86.0,63,1
1509,15.63,84.63,17,1
1510,10.41,79.41,41,0
1511,16.36,85.36,90,1
1512,16.85,85.85,48,1
1513,24.14,93.14,182,2
1514,18.91,87.91,72,1
1515,24.29,93.29,197,2
1516,27.53,96.53,166,2
1517,18.38,87.38,19,1
1518,22.1,91.1,124,1
1519,27.88,96.88,130,2
1520,13.53,82.53,80,0
1521,27.21,96.21,134,2
1522,26.68,95.68,152,2
1523,11.82,80.82,0,0
1524,28.57,97.57,199,2
1525,17.28,86.28,0,1
1526,27.27,96.27,140,2
1527,23.2,92.2,159,2
1528,25.75,94.75,130,2
1529,14.74,83.74,19,0
1530,18.41,87.41,22,1
1531,21.06,90.06,96,1
1532,27.5,96.5,163,2
1533,10.89,79.89,89,0
1534,24.26,93.26,194,2
1535,11.72,80.72,81,0
1536,26.67,95.67,151,2
1537,14.04,83.04,40,0
1538,25.24,94.24,150,2
1539,26.09,95.09,164,2
1540,21.32,90.32,122,1
1541,28.33,97.33,175,2
1542,15.54,84.54,8,1
1543,25.4,94.4,166,2
1544,24.37,93.37,134,2
1545,29.14,98.14,185,2
1546,15.37,84.37,82,1
1547,23.99,92.99,167,2
1548,24.55,93.55,152,2
1549,19.89,88.89,93,1
1550,18.89,87.89,70,1
1551,21.93,90.93,107,1
1552,29.25,98.25,196,2
1553,26.52,95.52,136,2
1554,17.74,86.74,46,1
1555,27.51,96.51,164,2
1556,23.13,92.13,152,2
1557,23.71,92.71,139,2
1558,29.73,98.73,173,2
1559,25.72,94.72,198,2
1560,11.4,80.4,49,0
1561,19.44,88.44,124,1
1562,29.47,98.47,147,2
1563,21.52,90.52,104,1
1564,14.7,83.7,15,0
1565,12.77,81.77,4,0
1566,14.49,83.49,85,0
1567,12.68,81.68,86,0
1568,29.72,98.72,172,2
1569,20.52,89.52,118,1
1570,28.8,97.8,151,2
1571,12.81,81.81,8,0
1572,26.92,95.92,176,2
1573,24.34,93.34,131,2
1574,25.0,94.0,197,2
1575,26.0,95.0,155,2
1576,22.55,91.55,101,1
1577,15.05,84.05,50,1
1578,12.23,81.23,41,0
1579,18.25,87.25,6,1
1580,19.52,88.52,94,1
1581,13.61,82.61,88,0
1582,13.82,82.82,18,0
1583,21.3,90.3,120,1
1584,28.86,97.86,157,2
1585,26.02,95.02,157,2
1586,16.83,85.83,46,1
1587,17.36,86.36,8,1
1588,25.82,94.82,137,2
1589,18.83,87.83,64,1
1590,14.06,83.06,42,0
1591,10.06,79.06,6,0
1592,23.47,92.47,186,2
1593,17.09,86.09,72,1
1594,21.85,90.85,99,1
1595,26.79,95.79,163,2
1596,25.95,94.95,150,2
1597,16.02,85.02,56,1
1598,22.16,91.16,92,1
1599,29.39,98.39,139,2
1600,13.49,82.49,76,0
1601,26.7,95.7,154,2
1602,25.36,94.36,162,2
1603,21.28,90.28,118,1
1604,10.09,79.09,9,0
1605,21.09,90.09,99,1
1606,23.51,92.51,190,2
1607,15.8,84.8,34,1
1608,19.88,88.88,92,1
1609,17.55,86.55,27,1
1610,25.92,94.92,147,2
1611,26.16,95.16,171,2
1612,26.77,95.77,161,2
1613,11.35,80.35,44,0
1614,12.7,81.7,88,0
1615,28.74,97.74,145,2
1616,12.29,81.29,47,0
1617,11.11,80.11,20,0
1618,23.29,92.29,168,2
1619,13.75,82.75,11,0
1620,24.02,93.02,170,2
1621,21.87,90.87,101,1
1622,15.9,84.9,44,1
1623,16.7,85.7,33,1
1624,24.36,93.36,133,2
1625,15.47,84.47,1,1
1626,19.01,88.01,82,1
1627,22.72,91.72,118,1
1628,10.13,79.13,13,0
1629,26.39,95.39,194,2
1630,18.22,87.22,3,1
1631,15.78,84.78,32,1
1632,16.81,85.81,44,1
1633,10.79,79.79,79,0
1634,12.91,81.91,18,0
1635,29.42,98.42,142,2
1636,22.75,91.75,121,1
1637,18.6,87.6,41,1
1638,27.66,96.66,179,2
1639,11.37,80.37,46,0
1640,19.11,88.11,91,1
1641,17.7,86.7,42,1
1642,17.35,86.35,7,1
1643,23.75,92.75,143,2
1644,12.21,81.21,39,0
1645,25.2,94.2,146,2
1646,12.6,81.6,78,0
1647,24.48,93.48,145,2
1648,12.53,81.53,71,0
1649,27.28,96.28,141,2
1650,13.87,82.87,23,0
1651,20.84,89.84,112,1
1652,21.59,90.59,111,1
1653,21.04,90.04,94,1
1654,25.5,94.5,176,2
1655,25.48,94.48,174,2
1656,24.05,93.05,173,2
1657,26.73,95.73,157,2
1658,16.53,85.53,16,1
1659,27.59,96.59,172,2
1660,17.04,86.04,67,1
1661,23.64,92.64,132,2
1662,13.54,82.54,81,0
1663,17.03,86.03,66,1
1664,29.43,98.43,143,2
1665,20.42,89.42,108,1
1666,12.19,81.19,37,0
1667,25.98,94.98,153,2
1668,14.14,83.14,50,0
1669,12.87,81.87,14,0
1670,14.94,83.94,39,0
1671,15.16,84.16,61,1
1672,13.12,82.12,39,0
1673,29.46,98.46,146,2
1674,14.24,83.24,60,0
1675,20.34,89.34,100,1
1676,25.7,94.7,196,2
1677,18.29,87.29,10,1
1678,18.28,87.28,9,1
1679,26.95,95.95,179,2
1680,21.45,90.45,97,1
1681,13.79,82.79,15,0
1682,28.35,97.35,177,2
1683,13.23,82.23,50,0
1684,18.4,87.4,21,1
1685,27.07,96.07,191,2
1686,10.27,79.27,27,0
1687,20.5,89.5,116,1
1688,22.35,91.35,111,1
1689,20.55,89.55,121,1
1690,11.08,80.08,17,0
1691,13.93,82.93,29,0
1692,12.89,81.89,16,0
1693,18.77,87.77,58,1
1694,11.43,80.43,52,0
1695,27.74,96.74,187,2
1696,16.94,85.94,57,1
1697,15.06,84.06,51,1
1698,19.1,88.1,91,1
1699,24.87,93.87,184,2
1700,14.56,83.56,1,0
1701,15.35,84.35,80,1
1702,12.75,81.75,2,0
1703,21.21,90.21,111,1
1704,25.29,94.29,155,2
1705,22.81,91.81,127,1
1706,20.49,89.49,115,1
1707,11.63,80.63,72,0
1708,21.6,90.6,112,1
1709,21.2,90.2,110,1
1710,27.45,96.45,158,2
1711,16.32,85.32,86,1
1712,13.86,82.86,22,0
1713,14.46,83.46,82,0
1714,28.55,97.55,197,2
1715,20.18,89.18,122,1
1716,23.16,92.16,155,2
1717,15.3,84.3,75,1
1718,16.31,85.31,85,1
1719,27.61,96.61,174,2
1720,11.99,80.99,17,0
1721,19.39,88.39,119,1
1722,28.38,97.38,180,2
1723,27.71,96.71,184,2
1724,18.18,87.18,90,1
1725,24.11,93.11,179,2
1726,16.46,85.46,9,1
1727,15.98,84.98,52,1
1728,22.57,91.57,103,1
1729,20.78,89.78,106,1
1730,24.95,93.95,192,2
1731,27.48,96.48,161,2
1732,19.95,88.95,99,1
1733,29.26,98.26,197,2
1734,22.51,91.51,127,1
1735,18.84,87.84,65,1
1736,12.71,81.71,89,0
1737,20.85,89.85,113,1
1738,29.8,98.8,180,2
1739,28.46,97.46,188,2
1740,11.53,80.53,62,0
1741,13.57,82.57,84,0
1742,27.35,96.35,148,2
1743,21.83,90.83,97,1
1744,16.4,85.4,3,1
1745,17.49,86.49,21,1
1746,21.95,90.95,109,1
1747,16.52,85.52,15,1
1748,29.69,98.69,169,2
1749,16.17,85.17,71,1
1750,25.62,94.62,188,2
1751,22.03,91.03,117,1
1752,13.15,82.15,42,0
1753,25.45,94.45,171,2
1754,27.04,96.04,188,2
1755,15.23,84.23,68,1
1756,23.22,92.22,161,2
1757,26.1,95.1,165,2
1758,20.51,89.51,117,1
1759,27.54,96.54,167,2
1760,17.2,86.2,83,1
1761,27.89,96.89,131,2
1762,10.97,79.97,6,0
1763,28.34,97.34,176,2
1764,15.91,84.91,45,1
1765,19.55,88.55,97,1
1766,13.69,82.69,5,0
1767,29.44,98.44,144,2
1768,29.66,98.66,166,2
1769,19.48,88.48,128,1
1770,12.66,81.66,84,0
1771,21.08,90.08,98,1
1772,13.18,82.18,45,0
1773,13.84,82.84,20,0
1774,18.45,87.45,26,1
1775,20.36,89.36,102,1
1776,26.59,95.59,143,2
1777,21.62,90.62,114,1
1778,13.7,82.7,6,0
1779,29.85,98.85,185,2
1780,15.2,84.2,65,1
1781,25.93,94.93,148,2
1782,23.95,92.95,163,2
1783,21.43,90.43,95,1
1784,23.25,92.25,164,2
1785,27.37,96.37,150,2
1786,18.49,87.49,30,1
1787,19.58,88.58,100,1
1788,14.72,83.72,17,0
1789,25.11,94.11,137,2
1790,23.91,92.91,159,2
1791,10.61,79.61,61,0
1792,17.54,86.54,26,1
1793,20.86,89.86,114,1
1794,22.47,91.47,123,1
1795,26.07,95.07,162,2
1796,17.69,86.69,41,1
1797,15.33,84.33,78,1
1798,28.98,97.98,169,2
1799,12.0,81.0,18,0
1800,17.18,86.18,81,1
1801,29.38,98.38,138,2
1802,26.71,95.71,155,2
1803,11.3,80.3,39,0
1804,13.5,82.5,77,0
1805,26.53,95.53,137,2
1806,26.5,95.5,134,2
1807,28.16,97.16,158,2
1808,25.02,94.02,199,2
1809,27.18,96.18,131,2
1810,23.34,92.34,173,2
1811,16.61,85.61,24,1
1812,17.78,86.78,50,1
1813,12.5,81.5,68,0
1814,14.38,83.38,74,0
1815,25.64,94.64,190,2
1816,25.54,94.54,180,2
1817,26.6,95.6,144,2
1818,19.86,88.86,128,1
1819,22.79,91.79,125,1
1820,11.06,80.06,15,0
1821,26.23,95.23,178,2
1822,18.73,87.73,54,1
1823,29.07,98.07,178,2
1824,20.6,89.6,126,1
1825,20.96,89.96,124,1
1826,12.07,81.07,25,0
1827,20.16,89.16,120,1
1828,13.77,82.77,13,0
1829,12.37,81.37,55,0
1830,16.64,85.64,27,1
1831,28.59,97.59,130,2
1832,13.05,82.05,32,0
1833,29.98,98.98,198,2
1834,18.15,87.15,87,1
1835,21.46,90.46,98,1
1836,18.82,87.82,63,1
1837,18.36,87.36,17,1
1838,20.13,89.13,117,1
1839,26.58,95.58,142,2
1840,28.56,97.56,198,2
1841,18.9,87.9,71,1
1842,10.98,79.98,7,0
1843,24.89,93.89,186,2
1844,27.75,96.75,188,2
1845,15.22,84.22,67,1
1846,29.95,98.95,195,2
1847,23.43,92.43,182,2
1848,10.17,79.17,17,0
1849,14.95,83.95,40,0
1850,15.53,84.53,7,1
1851,16.45,85.45,8,1
1852,11.76,80.76,85,0
1853,12.27,81.27,45,0
1854,24.44,93.44,141,2
1855,24.04,93.04,172,2
1856,15.62,84.62,16,1
1857,18.96,87.96,77,1
1858,10.51,79.51,51,0
1859,15.75,84.75,29,1
1860,22.4,91.4,116,1
1861,24.73,93.73,170,2
1862,25.12,94.12,138,2
1863,12.94,81.94,21,0
1864,17.47,86.47,19,1
1865,24.54,93.54,151,2
1866,23.98,92.98,166,2
1867,17.01,86.01,64,1
1868,16.6,85.6,23,1
1869,28.94,97.94,165,2
1870,16.67,85.67,30,1
1871,20.27,89.27,93,1
1872,23.17,92.17,156,2
1873,10.7,79.7,70,0
1874,27.19,96.19,132,2
1875,13.3,82.3,57,0
1876,14.57,83.57,2,0
1877,11.56,80.56,65,0
1878,10.74,79.74,74,0
1879,17.93,86.93,65,1
1880,11.27,80.27,36,0
1881,17.22,86.22,85,1
1882,10.43,79.43,43,0
1883,15.46,84.46,0,1
1884,27.15,96.15,199,2
1885,20.81,89.81,109,1
1886,16.49,85.49,12,1
1887,14.54,83.54,90,0
1888,19.28,88.28,108,1
1889,14.52,83.52,88,0
1890,28.0,97.0,142,2
1891,25.6,94.6,186,2
1892,10.25,79.25,25,0
1893,23.12,92.12,151,2
1894,16.41,85.41,4,1
1895,16.37,85.37,0,1
1896,24.31,93.31,199,2
1897,22.93,91.93,132,2
1898,15.28,84.28,73,1
1899,13.17,82.17,44,0
1900,19.08,88.08,89,1
1901,20.26,89.26,92,1
1902,28.31,97.31,173,2
1903,19.92,88.92,96,1
1904,13.51,82.51,78,0
1905,11.58,80.58,67,0
1906,21.14,90.14,104,1
1907,10.01,79.01,1,0
1908,22.29,91.29,105,1
1909,18.05,87.05,77,1
1910,27.78,96.78,191,2
1911,10.72,79.72,72,0
1912,12.9,81.9,17,0
1913,18.31,87.31,12,1
1914,21.94,90.94,108,1
1915,10.07,79.07,7,0
1916,14.34,83.34,70,0
1917,14.61,83.61,6,0
1918,14.13,83.13,49,0
1919,13.91,82.91,27,0
1920,24.51,93.51,148,2
1921,14.4,83.4,76,0
1922,12.14,81.14,32,0
1923,20.3,89.3,96,1
1924,28.41,97.41,183,2
1925,12.64,81.64,82,0
1926,24.41,93.41,138,2
1927,19.69,88.69,111,1
1928,20.29,89.29,95,1
1929,24.8,93.8,177,2
1930,26.22,95.22,177,2
1931,17.37,86.37,9,1
1932,21.01,90.01,129,1
1933,26.44,95.44,199,2
1934,11.49,80.49,58,0
1935,10.16,79.16,16,0
1936,24.83,93.83,180,2
1937,12.57,81.57,75,0
1938,24.59,93.59,156,2
1939,18.23,87.23,4,1
1940,10.5,79.5,50,0
1941,23.86,92.86,154,2
1942,23.41,92.41,180,2
1943,13.66,82.66,2,0
1944,11.36,80.36,45,0
1945,22.33,91.33,109,1
1946,15.89,84.89,43,1
1947,12.67,81.67,85,0
1948,22.07,91.07,121,1
1949,28.78,97.78,149,2
1950,17.65,86.65,37,1
1951,24.72,93.72,169,2
1952,15.48,84.48,2,1
1953,28.67,97.67,138,2
1954,24.5,93.5,147,2
1955,26.82,95.82,166,2
1956,13.19,82.19,46,0
1957,16.34,85.34,88,1
1958,18.11,87.11,83,1
1959,13.29,82.29,56,0
1960,22.17,91.17,93,1
1961,28.48,97.48,190,2
1962,16.71,85.71,34,1
1963,27.98,96.98,140,2
1964,11.15,80.15,24,0
1965,13.63,82.63,90,0
1966,22.98,91.98,137,2
1967,17.64,86.64,36,1
1968,25.53,94.53,179,2
1969,16.77,85.77,40,1
1970,18.88,87.88,69,1
1971,28.1,97.1,152,2
1972,10.12,79.12,12,0
1973,27.65,96.65,178,2
1974,14.48,83.48,84,0
1975,29.16,98.16,187,2
1976,28.58,97.58,200,2
1977,24.81,93.81,178,2
1978,23.8,92.8,148,2
1979,19.18,88.18,98,1
1980,22.69,91.69,115,1
1981,28.69,97.69,140,2
1982,29.82,98.82,182,2
1983,22.14,91.14,128,1
1984,27.63,96.63,176,2
1985,17.79,86.79,51,1
1986,16.15,85.15,69,1
1987,18.08,87.08,80,1
1988,21.34,90.34,124,1
1989,25.25,94.25,151,2
1990,27.6,96.6,173,2
1991,14.64,83.64,9,0
1992,27.24,96.24,137,2
1993,12.05,81.05,23,0
1994,24.67,93.67,164,2
1995,24.1,93.1,178,2
1996,21.82,90.82,96,1
1997,10.45,79.45,45,0
1998,27.22,96.22,135,2
1999,12.46,81.46,64,0
2000,16.87,85.87,50,1
